[
  {
    "platform" : "WIN32_X86",
    "searchTime" : "2023-06-08T16:27:38.948Z[UTC]",
    "searchQuery" : "Aurora",
    "searchInteractionURIs" : [
    ]
  },
  {
    "platform" : "ANDROID",
    "searchTime" : "2023-07-04T07:03:58.375Z[UTC]",
    "searchQuery" : "make",
    "searchInteractionURIs" : [
      "spotify:artist:2HHmvvSQ44ePDH7IKVzgK0"
    ]
  },
  {
    "platform" : "WIN32_X86",
    "searchTime" : "2023-07-05T20:11:58.474Z[UTC]",
    "searchQuery" : "K",
    "searchInteractionURIs" : [
    ]
  },
  {
    "platform" : "WIN32_X86",
    "searchTime" : "2023-07-05T20:12:02.552Z[UTC]",
    "searchQuery" : "KK's  Priest",
    "searchInteractionURIs" : [
    ]
  },
  {
    "platform" : "WIN32_X86",
    "searchTime" : "2023-07-05T20:12:16.516Z[UTC]",
    "searchQuery" : "N",
    "searchInteractionURIs" : [
    ]
  },
  {
    "platform" : "WIN32_X86",
    "searchTime" : "2023-07-05T20:12:16.813Z[UTC]",
    "searchQuery" : "Na",
    "searchInteractionURIs" : [
    ]
  },
  {
    "platform" : "WIN32_X86",
    "searchTime" : "2023-07-05T20:12:17.870Z[UTC]",
    "searchQuery" : "Nanowar",
    "searchInteractionURIs" : [
    ]
  },
  {
    "platform" : "WIN32_X86",
    "searchTime" : "2023-07-05T20:15:16.315Z[UTC]",
    "searchQuery" : "Power",
    "searchInteractionURIs" : [
    ]
  },
  {
    "platform" : "WIN32_X86",
    "searchTime" : "2023-07-05T20:56:10.138Z[UTC]",
    "searchQuery" : "J",
    "searchInteractionURIs" : [
    ]
  },
  {
    "platform" : "WIN32_X86",
    "searchTime" : "2023-07-05T21:04:14.527Z[UTC]",
    "searchQuery" : "Xandria",
    "searchInteractionURIs" : [
    ]
  },
  {
    "platform" : "WIN32_X86",
    "searchTime" : "2023-07-05T21:17:49.385Z[UTC]",
    "searchQuery" : "W",
    "searchInteractionURIs" : [
    ]
  },
  {
    "platform" : "",
    "searchTime" : "2023-07-06T00:22:42.141Z[UTC]",
    "searchQuery" : "ba",
    "searchInteractionURIs" : [
    ]
  },
  {
    "platform" : "",
    "searchTime" : "2023-07-06T00:22:42.291Z[UTC]",
    "searchQuery" : "ba",
    "searchInteractionURIs" : [
    ]
  },
  {
    "platform" : "",
    "searchTime" : "2023-07-06T00:22:42.662Z[UTC]",
    "searchQuery" : "baby",
    "searchInteractionURIs" : [
    ]
  },
  {
    "platform" : "WIN32_X86",
    "searchTime" : "2023-07-06T00:22:42.750Z[UTC]",
    "searchQuery" : "baby",
    "searchInteractionURIs" : [
    ]
  },
  {
    "platform" : "",
    "searchTime" : "2023-07-06T00:22:42.775Z[UTC]",
    "searchQuery" : "baby",
    "searchInteractionURIs" : [
    ]
  },
  {
    "platform" : "",
    "searchTime" : "2023-07-06T00:22:43.327Z[UTC]",
    "searchQuery" : "baby,",
    "searchInteractionURIs" : [
    ]
  },
  {
    "platform" : "",
    "searchTime" : "2023-07-06T00:22:43.444Z[UTC]",
    "searchQuery" : "baby,",
    "searchInteractionURIs" : [
    ]
  },
  {
    "platform" : "",
    "searchTime" : "2023-07-06T00:22:44.766Z[UTC]",
    "searchQuery" : "baby,m",
    "searchInteractionURIs" : [
    ]
  },
  {
    "platform" : "",
    "searchTime" : "2023-07-06T00:22:44.938Z[UTC]",
    "searchQuery" : "baby,m",
    "searchInteractionURIs" : [
    ]
  },
  {
    "platform" : "",
    "searchTime" : "2023-07-06T00:22:45.572Z[UTC]",
    "searchQuery" : "baby,metal",
    "searchInteractionURIs" : [
    ]
  },
  {
    "platform" : "WIN32_X86",
    "searchTime" : "2023-07-06T00:22:45.684Z[UTC]",
    "searchQuery" : "baby,metal",
    "searchInteractionURIs" : [
    ]
  },
  {
    "platform" : "",
    "searchTime" : "2023-07-06T00:22:45.738Z[UTC]",
    "searchQuery" : "baby,metal",
    "searchInteractionURIs" : [
    ]
  },
  {
    "platform" : "",
    "searchTime" : "2023-07-06T00:48:49.536Z[UTC]",
    "searchQuery" : "Visio",
    "searchInteractionURIs" : [
    ]
  },
  {
    "platform" : "",
    "searchTime" : "2023-07-06T00:48:49.688Z[UTC]",
    "searchQuery" : "Visio",
    "searchInteractionURIs" : [
    ]
  },
  {
    "platform" : "",
    "searchTime" : "2023-07-06T00:48:49.956Z[UTC]",
    "searchQuery" : "Visions ",
    "searchInteractionURIs" : [
    ]
  },
  {
    "platform" : "",
    "searchTime" : "2023-07-06T00:48:50.097Z[UTC]",
    "searchQuery" : "Visions ",
    "searchInteractionURIs" : [
    ]
  },
  {
    "platform" : "",
    "searchTime" : "2023-07-06T00:48:50.550Z[UTC]",
    "searchQuery" : "Visions of ",
    "searchInteractionURIs" : [
    ]
  },
  {
    "platform" : "",
    "searchTime" : "2023-07-06T00:48:50.681Z[UTC]",
    "searchQuery" : "Visions of ",
    "searchInteractionURIs" : [
    ]
  },
  {
    "platform" : "WIN32_X86_64",
    "searchTime" : "2023-08-10T10:44:32.369Z[UTC]",
    "searchQuery" : "sf",
    "searchInteractionURIs" : [
    ]
  }
]