{
  "tracks": [
  ],
  "albums": [
    {
      "artist": "Various Artists",
      "album": "Cool - One Hit Wonders",
      "uri": "spotify:album:3sfJINvjUYVzGgjw2um7lh"
    },
    {
      "artist": "Various Artists",
      "album": "Tomorrowland - Music Will Unite Us Forever",
      "uri": "spotify:album:0bcF9RzaxAeTvbQICyIhin"
    },
    {
      "artist": "Various Artists",
      "album": "80s 100 Hits",
      "uri": "spotify:album:0pvhletDH7CphbKErUtPCF"
    }
  ],
  "shows": [
  ],
  "episodes": [
  ],
  "bannedTracks": [
    {
      "artist": "Hooverphonic",
      "album": "The Wrong Place",
      "track": "The Wrong Place - Hairglow French Crop Mix",
      "uri": "spotify:track:3dwr1dnWRDQnXjwsPtFRJU"
    },
    {
      "artist": "Antònia Font",
      "album": "Batiscafo Katiuscas",
      "track": "Wa Yeah!",
      "uri": "spotify:track:0BPIknt0SyI873a6N5QDBI"
    },
    {
      "artist": "The Boo Radleys",
      "album": "Wake Up!",
      "track": "Wake up Boo!",
      "uri": "spotify:track:15RgdXlKJQTNMsR4hAzIGh"
    },
    {
      "artist": "Reverend And The Makers",
      "album": "The State of Things",
      "track": "Heavyweight Champion of the World",
      "uri": "spotify:track:6BveiUac0BhnHB14wgi1lg"
    },
    {
      "artist": "Les Rita Mitsouko",
      "album": "Variéty",
      "track": "Ding Dang Dong (Ringing at Your Bell)",
      "uri": "spotify:track:5SMv636dHIy8h1TXjoboue"
    },
    {
      "artist": "Innerspace Orchestra",
      "album": "One Way Glass",
      "track": "One Way Glass",
      "uri": "spotify:track:4we5InRUv5YE9Sr1ruyvRA"
    },
    {
      "artist": "AGGE",
      "album": "No Pressure",
      "track": "No Pressure - Little Dragon Remix",
      "uri": "spotify:track:2KD2QX7CPuGMnDRxXwcJC3"
    },
    {
      "artist": "Morgan",
      "album": "Canzoni Dell'Appartamento",
      "track": "Altrove",
      "uri": "spotify:track:0ZuQqcAPNEYyUxs614BzMr"
    },
    {
      "artist": "Johnny Cash",
      "album": "American III: Solitary Man",
      "track": "One",
      "uri": "spotify:track:5eReKc1D8ZQAg9kzQeHRdH"
    },
    {
      "artist": "Sex Museum",
      "album": "Fifteen Hits That Never Were",
      "track": "I Enjoy The Forbiden",
      "uri": "spotify:track:7fCXSoW3jw7jcYXMgHeIWC"
    },
    {
      "artist": "The Raveonettes",
      "album": "Pretty In Black",
      "track": "Love In a Trashcan",
      "uri": "spotify:track:6vVeogbozV20zRhRLbWj9j"
    },
    {
      "artist": "Shire T",
      "album": "Tomorrow’s People",
      "track": "Burnin’ Jungle",
      "uri": "spotify:track:4mYXAyo9ja4AzTBv4NEWHE"
    },
    {
      "artist": "Boogie Belgique",
      "album": "Rhythm",
      "track": "Rhythm",
      "uri": "spotify:track:30d6Zq7VnpyBJ7QQjJfpHS"
    },
    {
      "artist": "The Source",
      "album": "You Got the Love",
      "track": "You Got The Love - New Voyager Radio Edit",
      "uri": "spotify:track:4nQkNmJJWnFIRsbIMeIrlX"
    },
    {
      "artist": "The Divine Comedy",
      "album": "Promenade",
      "track": "Tonight We Fly",
      "uri": "spotify:track:2DPWQEfEW4ptmAQfTbZE76"
    },
    {
      "artist": "Donavon Frankenreiter",
      "album": "Move By Yourself",
      "track": "Move By Yourself",
      "uri": "spotify:track:7I6QEoeO7fghKuEpm9XRlu"
    },
    {
      "artist": "The Beatles",
      "album": "Let It Be",
      "track": "Get Back - Remastered 2009",
      "uri": "spotify:track:4MLBqAEzNN89o2M9h92Z26"
    },
    {
      "artist": "Cari Cari",
      "album": "Jelly Jelly",
      "track": "Jelly Jelly",
      "uri": "spotify:track:5LZBc5bG7ShUuR3jLld6E2"
    },
    {
      "artist": "Underworld",
      "album": "1992 - 2012",
      "track": "8 Ball",
      "uri": "spotify:track:1tnhrn0zNTQGbo77wNwy44"
    },
    {
      "artist": "Saint Djuni",
      "album": "Modern Times",
      "track": "Modern Times",
      "uri": "spotify:track:4tKZPYRMO6XXXm9XZ9uFQz"
    },
    {
      "artist": "WAS",
      "album": "Gau Ama",
      "track": "Irrintzi",
      "uri": "spotify:track:5ea6TAXexQ0ZiLKRhN4V6U"
    },
    {
      "artist": "Dan Kanvis",
      "album": "Understanding Dead Plants",
      "track": "Skeleton",
      "uri": "spotify:track:3MTvmA9c690UirlXChumNz"
    },
    {
      "artist": "Josh Rouse",
      "album": "1972",
      "track": "Love Vibration",
      "uri": "spotify:track:4KvOPEKwp8Z83oUkNB7Km4"
    },
    {
      "artist": "Al Stewart",
      "album": "Year of the Cat",
      "track": "Year of the Cat",
      "uri": "spotify:track:7MTX3vevnm41xuEoPxWT3j"
    },
    {
      "artist": "Tiga",
      "album": "Sexor",
      "track": "(Far From) Home",
      "uri": "spotify:track:19usiBrmOzfbDilCqN2mgN"
    },
    {
      "artist": "Guasones",
      "album": "Parque De Depresiones",
      "track": "Me estás tratando mal",
      "uri": "spotify:track:4wGecpdpXwzaFPgZDecKka"
    },
    {
      "artist": "Timo Maas",
      "album": "Loud",
      "track": "To Get Down",
      "uri": "spotify:track:6l51igtB3cjv6H9RYruglv"
    },
    {
      "artist": "Your Smith",
      "album": "Debbie (Absofacto Remix)",
      "track": "Debbie (Absofacto Remix)",
      "uri": "spotify:track:0d2YRkAE3rDfZKSvzRKTjK"
    },
    {
      "artist": "Dub Pistols",
      "album": "Rum & Coke",
      "track": "Back to Daylight",
      "uri": "spotify:track:44npC97GrOkWFV2X6QtNTU"
    },
    {
      "artist": "Wanda",
      "album": "Die Sterne von Alterlaa",
      "track": "Die Sterne von Alterlaa",
      "uri": "spotify:track:22gaGB9rTNZNbYMweKs09A"
    },
    {
      "artist": "The Parrots",
      "album": "Dos",
      "track": "You Work All Day And Then You Die",
      "uri": "spotify:track:4dYFnwuetvtsFYpLCZIe4N"
    },
    {
      "artist": "Scubba",
      "album": "Bossa in Rio",
      "track": "Paradise City - Vibes Edition",
      "uri": "spotify:track:6icRrhM93vbWBmNHRmjnmG"
    },
    {
      "artist": "Elton John vs Pnau",
      "album": "Good Morning To The Night",
      "track": "Phoenix",
      "uri": "spotify:track:7hZgVPoWLQ6wicIT2iD3Zv"
    },
    {
      "artist": "Laura Marling",
      "album": "Alas I Cannot Swim",
      "track": "Ghosts",
      "uri": "spotify:track:3LHg768dEKqJKht2uPTlVR"
    },
    {
      "artist": "Moneybrother",
      "album": "To Die Alone",
      "track": "They're Bulding Walls Around Us",
      "uri": "spotify:track:5z9kQWLFo4McsaMDGgBDto"
    },
    {
      "artist": "Public Service Broadcasting",
      "album": "Bright Magic",
      "track": "People, Let's Dance",
      "uri": "spotify:track:6SEZQwYL5ysOunFsz5MPJe"
    },
    {
      "artist": "Atomic Swing",
      "album": "A Car Crash In The Blue",
      "track": "Stone Me Into The Groove",
      "uri": "spotify:track:4DqXylovNpwoJuIwGxtegd"
    },
    {
      "artist": "Nell Bryden",
      "album": "Arms Around The Flame",
      "track": "Dancing In Chains",
      "uri": "spotify:track:7j97QdI5j9xUj3plVbz3HX"
    },
    {
      "artist": "Orson",
      "album": "Bright Idea",
      "track": "No Tomorrow",
      "uri": "spotify:track:0nJEcAgCKrFliZ5q0JxEtc"
    },
    {
      "artist": "Nick Mulvey",
      "album": "First Mind",
      "track": "Cucurucu",
      "uri": "spotify:track:3G3PP7pAkAaZ6QzM0duBry"
    },
    {
      "artist": "Twin Shadow",
      "album": "Twin Shadow",
      "track": "Alemania",
      "uri": "spotify:track:68xEc9xb0TvJpdbSyDGtNu"
    },
    {
      "artist": "Harry Nilsson",
      "album": "Aerial Ballet",
      "track": "Everybody's Talkin' - From \"Midnight Cowboy\"",
      "uri": "spotify:track:1jcPcDu2YawPfLhwjYnqK2"
    },
    {
      "artist": "Newton Faulkner",
      "album": "Write It On Your Skin",
      "track": "Write It on Your Skin",
      "uri": "spotify:track:5BBShMsTQqCoNIGnfthNGe"
    },
    {
      "artist": "Pink Martini",
      "album": "Hey Eugene!",
      "track": "Hey Eugene!",
      "uri": "spotify:track:6Mzca5ZxLQmzs2XQOGOHob"
    },
    {
      "artist": "Blue Man Group",
      "album": "The Complex",
      "track": "I Feel Love (feat. Venus Hum)",
      "uri": "spotify:track:7JcfxybGYZPQGegNWCAcw7"
    },
    {
      "artist": "Gloria Jones",
      "album": "Tainted Love: The Original Single",
      "track": "Tainted Love - Single Version",
      "uri": "spotify:track:0BbA7S30mOQB94e4IBnqCt"
    },
    {
      "artist": "Electric Light Orchestra",
      "album": "Xanadu - Original Motion Picture Soundtrack",
      "track": "All Over the World",
      "uri": "spotify:track:71nmjdJx3VPKURkOCL6fKT"
    },
    {
      "artist": "Gizmo Varillas",
      "album": "Out of the Darkness",
      "track": "Born Again",
      "uri": "spotify:track:3rJbSEXAiGGAglrDFKWvJj"
    },
    {
      "artist": "Roger Glover",
      "album": "The Butterfly Ball and the Grasshopper's Feast",
      "track": "Love Is All",
      "uri": "spotify:track:7jruu0eifvOgwBajru3E45"
    },
    {
      "artist": "Moby",
      "album": "Play",
      "track": "Run On - 2014 Remastered Version",
      "uri": "spotify:track:6jwE5S7xZ4G2CiisKz7NM1"
    },
    {
      "artist": "Cocoon",
      "album": "Welcome Home",
      "track": "I Can't Wait",
      "uri": "spotify:track:22NiG6tSWdtF47kaogEeIn"
    },
    {
      "artist": "Lack Of Afro",
      "album": "My Groove Your Move (Bonus Version)",
      "track": "Together at Last",
      "uri": "spotify:track:7jbGPUZ6lWCfMqrbHmiviM"
    },
    {
      "artist": "Skik",
      "album": "Niks Is Zoas 't Lek",
      "track": "Op Fietse",
      "uri": "spotify:track:0C8H9i00fPS3fJkjQ2eTOF"
    },
    {
      "artist": "Simple Minds",
      "album": "Vision Thing",
      "track": "Vision Thing",
      "uri": "spotify:track:1faZr55NQ9PtbhlabTibe9"
    },
    {
      "artist": "Franco Battiato",
      "album": "La Voce Del Padrone",
      "track": "Cuccurucucù - Remastered 2021",
      "uri": "spotify:track:2W3kEYBdN8UTHH5GRzYvGC"
    },
    {
      "artist": "Felix Jaehn",
      "album": "I",
      "track": "Book Of Love (feat. Polina)",
      "uri": "spotify:track:2erg7Xduc8OHhkLepV4eER"
    }
  ],
  "artists": [
    {
      "name": "A Flock Of Seagulls",
      "uri": "spotify:artist:0uAjBatvB4ubpd4kCfjmNt"
    },
    {
      "name": "AC/DC",
      "uri": "spotify:artist:711MCceyCBcFnzjGY4Q7Un"
    },
    {
      "name": "ANGRA",
      "uri": "spotify:artist:7IAXZaLTb6nkJr8RmVPn5y"
    },
    {
      "name": "AURORA",
      "uri": "spotify:artist:1WgXqy2Dd70QQOU7Ay074N"
    },
    {
      "name": "Above & Beyond",
      "uri": "spotify:artist:10gzBoINW3cLJfZUka8Zoe"
    },
    {
      "name": "Ace of Base",
      "uri": "spotify:artist:5ksRONqssB7BR161NTtJAm"
    },
    {
      "name": "Aerosmith",
      "uri": "spotify:artist:7Ey4PD4MYsKc5I2dolUwbH"
    },
    {
      "name": "Alicia Keys",
      "uri": "spotify:artist:3DiDSECUqqY1AuBP8qtaIa"
    },
    {
      "name": "AlunaGeorge",
      "uri": "spotify:artist:2VAnyOxzJuSAj7XIuEOT38"
    },
    {
      "name": "Anderson .Paak",
      "uri": "spotify:artist:3jK9MiCrA42lLAdMGUZpwa"
    },
    {
      "name": "Arctic Monkeys",
      "uri": "spotify:artist:7Ln80lUS6He07XvHI8qqHH"
    },
    {
      "name": "Audioslave",
      "uri": "spotify:artist:2ziB7fzrXBoh1HUPS6sVFn"
    },
    {
      "name": "Barbie Williams",
      "uri": "spotify:artist:56v6nmscLs2EGMSvg3JrQI"
    },
    {
      "name": "Beyoncé",
      "uri": "spotify:artist:6vWDO969PvNqNYHIOW5v0m"
    },
    {
      "name": "Blastoyz",
      "uri": "spotify:artist:6WLP1sraOcF3Gaxp7xBa4p"
    },
    {
      "name": "Bob Marley & The Wailers",
      "uri": "spotify:artist:2QsynagSdAqZj3U9HgDzjD"
    },
    {
      "name": "Bon Jovi",
      "uri": "spotify:artist:58lV9VcRSjABbAbfWS6skp"
    },
    {
      "name": "Carla Morrison",
      "uri": "spotify:artist:0XK6kT7xcZAlcYrNjOgzJe"
    },
    {
      "name": "Catupecu Machu",
      "uri": "spotify:artist:059ysTnWcrm4yFwTr0NDjc"
    },
    {
      "name": "Crumb",
      "uri": "spotify:artist:4kSGbjWGxTchKpIxXPJv0B"
    },
    {
      "name": "Daft Punk",
      "uri": "spotify:artist:4tZwfgrHOc3mvqYlEYSvVi"
    },
    {
      "name": "Dancing Mood",
      "uri": "spotify:artist:70XauTb6oEJbXxFoH6wY9F"
    },
    {
      "name": "Davie504",
      "uri": "spotify:artist:4OwgQPvkIJoHES5Ik9iAe0"
    },
    {
      "name": "Deap Vally",
      "uri": "spotify:artist:1NsvfeRzexfHjhUGqWrULl"
    },
    {
      "name": "Deep Purple",
      "uri": "spotify:artist:568ZhdwyaiCyOGJRtNYhWf"
    },
    {
      "name": "Deluxe",
      "uri": "spotify:artist:4EePV5BljRSXJnYww4d5Qa"
    },
    {
      "name": "Delvon Lamarr Organ Trio",
      "uri": "spotify:artist:7owr01EP6gwCYjnfQtPKy8"
    },
    {
      "name": "Die Antwoord",
      "uri": "spotify:artist:6urkHDoIVO1WO8vNIwcJmM"
    },
    {
      "name": "Die Toten Hosen",
      "uri": "spotify:artist:2F8GvYuY0lfZNYu45dY6gJ"
    },
    {
      "name": "Dire Straits",
      "uri": "spotify:artist:0WwSkZ7LtFUFjGjMZBMt6T"
    },
    {
      "name": "Disclosure",
      "uri": "spotify:artist:6nS5roXSAGhTGr34W6n7Et"
    },
    {
      "name": "Dua Lipa",
      "uri": "spotify:artist:6M2wZ9GZgrQXHCFfjv46we"
    },
    {
      "name": "Duran Duran",
      "uri": "spotify:artist:0lZoBs4Pzo7R89JM9lxwoT"
    },
    {
      "name": "Eagles",
      "uri": "spotify:artist:0ECwFtbIWEVNwjlrfc6xoL"
    },
    {
      "name": "Edguy",
      "uri": "spotify:artist:3AGFqPP3gt5rMSvhR87Xxu"
    },
    {
      "name": "El Cuarteto De Nos",
      "uri": "spotify:artist:13JJKrUewC1CJYmIDXQNoH"
    },
    {
      "name": "Empire of the Sun",
      "uri": "spotify:artist:67hb7towEyKvt5Z8Bx306c"
    },
    {
      "name": "Epica",
      "uri": "spotify:artist:5HA5aLY3jJV7eimXWkRBBp"
    },
    {
      "name": "Estas Tonne",
      "uri": "spotify:artist:5r2JG9bxzdaGLiu4cq9X9t"
    },
    {
      "name": "First Aid Kit",
      "uri": "spotify:artist:21egYD1eInY6bGFcniCRT1"
    },
    {
      "name": "Florence + The Machine",
      "uri": "spotify:artist:1moxjboGR7GNWYIMWsRjgG"
    },
    {
      "name": "Florencio Cruz",
      "uri": "spotify:artist:58dND5UPEqSFQteJZfSIdG"
    },
    {
      "name": "Flume",
      "uri": "spotify:artist:6nxWCVXbOlEVRexSbLsTer"
    },
    {
      "name": "Genesis",
      "uri": "spotify:artist:3CkvROUTQ6nRi9yQOcsB50"
    },
    {
      "name": "Goldfinger",
      "uri": "spotify:artist:7sVQKNtdP2NylxMgbNOJMM"
    },
    {
      "name": "Gossip",
      "uri": "spotify:artist:3sFTupo9UGgrujjN21BjwR"
    },
    {
      "name": "Grand Magus",
      "uri": "spotify:artist:7GTkjp7qsfmx8iJzBUQLmN"
    },
    {
      "name": "Green Day",
      "uri": "spotify:artist:7oPftvlwr6VrsViSDV7fJY"
    },
    {
      "name": "Greta Van Fleet",
      "uri": "spotify:artist:4NpFxQe2UvRCAjto3JqlSl"
    },
    {
      "name": "Guns N' Roses",
      "uri": "spotify:artist:3qm84nBOXUEQ2vnTfUTTFC"
    },
    {
      "name": "HAIM",
      "uri": "spotify:artist:4Ui2kfOqGujY81UcPrb5KE"
    },
    {
      "name": "Her",
      "uri": "spotify:artist:1T2WeXEi0XlZiPpjjDAY0L"
    },
    {
      "name": "Hercules & Love Affair",
      "uri": "spotify:artist:1WHoAjAWGx5qLsgzpaOk7W"
    },
    {
      "name": "Heroes Del Silencio",
      "uri": "spotify:artist:3qAPxVwIQRBuz5ImPUxpZT"
    },
    {
      "name": "IZAL",
      "uri": "spotify:artist:2hazSY4Ef3aB9ATXW7F5w3"
    },
    {
      "name": "Iron Maiden",
      "uri": "spotify:artist:6mdiAmATAx73kdxrNrnlao"
    },
    {
      "name": "Ivete Sangalo",
      "uri": "spotify:artist:7dzq55YG3wjViqexDwiycQ"
    },
    {
      "name": "Jain",
      "uri": "spotify:artist:2HHmvvSQ44ePDH7IKVzgK0"
    },
    {
      "name": "Jamiroquai",
      "uri": "spotify:artist:6J7biCazzYhU3gM9j1wfid"
    },
    {
      "name": "Janis Joplin",
      "uri": "spotify:artist:4NgfOZCL9Ml67xzM0xzIvC"
    },
    {
      "name": "Joe Cocker",
      "uri": "spotify:artist:3pFCERyEiP5xeN2EsPXhjI"
    },
    {
      "name": "John Mayer",
      "uri": "spotify:artist:0hEurMDQu99nJRq8pTxO14"
    },
    {
      "name": "Joni Mitchell",
      "uri": "spotify:artist:5hW4L92KnC6dX9t7tYM4Ve"
    },
    {
      "name": "Jungle",
      "uri": "spotify:artist:59oA5WbbQvomJz2BuRG071"
    },
    {
      "name": "Justice",
      "uri": "spotify:artist:1gR0gsQYfi6joyO1dlp76N"
    },
    {
      "name": "KISS",
      "uri": "spotify:artist:07XSN3sPlIlB2L2XNcTwJw"
    },
    {
      "name": "Kamelot",
      "uri": "spotify:artist:7gTbq5nTZGQIUgjEGXQpOS"
    },
    {
      "name": "Kase.O",
      "uri": "spotify:artist:7GmXwGXJSsmWTkCyk5Twux"
    },
    {
      "name": "Katy Isterika",
      "uri": "spotify:artist:2FpIe6Sq2cTxwecNA4y6x1"
    },
    {
      "name": "Khruangbin",
      "uri": "spotify:artist:2mVVjNmdjXZZDvhgQWiakk"
    },
    {
      "name": "King Gizzard & The Lizard Wizard",
      "uri": "spotify:artist:6XYvaoDGE0VmRt83Jss9Sn"
    },
    {
      "name": "Korn",
      "uri": "spotify:artist:3RNrq3jvMZxD9ZyoOZbQOD"
    },
    {
      "name": "L'Impératrice",
      "uri": "spotify:artist:4PwlsrN0t5mLN0C827cbEU"
    },
    {
      "name": "La Renga",
      "uri": "spotify:artist:30fEdZPXgWfC4sNttcyB3C"
    },
    {
      "name": "La Vela Puerca",
      "uri": "spotify:artist:6nVcjUJemqpJjc1WevwTvL"
    },
    {
      "name": "Las Migas",
      "uri": "spotify:artist:6wWp1JO8wL9qEeVV0TRHY3"
    },
    {
      "name": "Las Pastillas del Abuelo",
      "uri": "spotify:artist:0D5U7oXEE4dut2DPyUDLca"
    },
    {
      "name": "Limp Bizkit",
      "uri": "spotify:artist:165ZgPlLkK7bf5bDoFc6Sb"
    },
    {
      "name": "Lo' Pibitos",
      "uri": "spotify:artist:7f4QZ3v32jtmstrh7VHfJL"
    },
    {
      "name": "London Grammar",
      "uri": "spotify:artist:3Bd1cgCjtCI32PYvDC3ynO"
    },
    {
      "name": "Lord Huron",
      "uri": "spotify:artist:6ltzsmQQbmdoHHbLZ4ZN25"
    },
    {
      "name": "Los Abuelos De La Nada",
      "uri": "spotify:artist:5R3NywPPOyhLfdvutgg0me"
    },
    {
      "name": "Los Tipitos",
      "uri": "spotify:artist:1SykQGBiBwkQ1fcGpJ1BJt"
    },
    {
      "name": "Lost Years",
      "uri": "spotify:artist:04an0WtFSvVqQkGrgIxq1Y"
    },
    {
      "name": "Love of Lesbian",
      "uri": "spotify:artist:6VCoG3MG7ZKRxDjaYOvtrF"
    },
    {
      "name": "Low Roar",
      "uri": "spotify:artist:5WoWlP0ihSFIxnppxjwSgE"
    },
    {
      "name": "Lucky Chops",
      "uri": "spotify:artist:2b6gc4EVpO6OTlDvKrK852"
    },
    {
      "name": "Ludovico Einaudi",
      "uri": "spotify:artist:2uFUBdaVGtyMqckSeCl0Qj"
    },
    {
      "name": "Luis Miguel",
      "uri": "spotify:artist:2nszmSgqreHSdJA3zWPyrW"
    },
    {
      "name": "Mahalia",
      "uri": "spotify:artist:16rCzZOMQX7P8Kmn5YKexI"
    },
    {
      "name": "Man Man",
      "uri": "spotify:artist:0zprAu7NrzRehc0Q0Jc7mL"
    },
    {
      "name": "Mancha De Rolando",
      "uri": "spotify:artist:4DuhYdfd2jHMdaqYVYZp04"
    },
    {
      "name": "Manowar",
      "uri": "spotify:artist:4CzUzn54Cp9TQr6a7JIlMZ"
    },
    {
      "name": "Maná",
      "uri": "spotify:artist:7okwEbXzyT2VffBmyQBWLz"
    },
    {
      "name": "Marc Amacher",
      "uri": "spotify:artist:1I2PNULXYS3j9Kz2Vvu3T0"
    },
    {
      "name": "Maria Daniela Y Su Sonido Lasser",
      "uri": "spotify:artist:077cgSU8i5wTnz5lZGQ7z4"
    },
    {
      "name": "Mes Aïeux",
      "uri": "spotify:artist:2heZLxgJjmZjVPO0gZsscb"
    },
    {
      "name": "Metallica",
      "uri": "spotify:artist:2ye2Wgw4gimLv2eAKyk1NB"
    },
    {
      "name": "Michael Jackson",
      "uri": "spotify:artist:3fMbdgg4jU18AjLCKBhRSm"
    },
    {
      "name": "Milongas Extremas",
      "uri": "spotify:artist:2UKmhgcS0rsr1d4xw0xFxq"
    },
    {
      "name": "Morada de Pájaros",
      "uri": "spotify:artist:3tDI6t4UXRBOn5Qrt72Wto"
    },
    {
      "name": "Mystery Skulls",
      "uri": "spotify:artist:5ZbRDyTYX4HhXveONcZQn2"
    },
    {
      "name": "Naked Giants",
      "uri": "spotify:artist:4KhnLZjONKS3nuYzXoqoXi"
    },
    {
      "name": "NanowaR of Steel",
      "uri": "spotify:artist:7jw9vF1hFRp1k8dDRNRiC5"
    },
    {
      "name": "Natalia Lafourcade",
      "uri": "spotify:artist:1hcdI2N1023RvSwLzTtdsp"
    },
    {
      "name": "Newen Afrobeat",
      "uri": "spotify:artist:0PTJ848ulShbjTx2yqaAlb"
    },
    {
      "name": "Nigel Kennedy",
      "uri": "spotify:artist:7AANfmLM36QqH6QsOQnV3h"
    },
    {
      "name": "Nightwish",
      "uri": "spotify:artist:2NPduAUeLVsfIauhRwuft1"
    },
    {
      "name": "Ninja Sex Party",
      "uri": "spotify:artist:3jsyANBBy6gOZUSQhiGclx"
    },
    {
      "name": "Nirvana",
      "uri": "spotify:artist:6olE6TJLqED3rqDCT0FyPh"
    },
    {
      "name": "Norah Jones",
      "uri": "spotify:artist:2Kx7MNY7cI1ENniW7vT30N"
    },
    {
      "name": "Paramore",
      "uri": "spotify:artist:74XFHRwlV6OrjEM0A2NCMF"
    },
    {
      "name": "Parcels",
      "uri": "spotify:artist:3oKRxpszQKUjjaHz388fVA"
    },
    {
      "name": "Patricio Rey y sus Redonditos de Ricota",
      "uri": "spotify:artist:6byQKddO1b34lXC2ZEjehQ"
    },
    {
      "name": "PelleK",
      "uri": "spotify:artist:1qLwXsUtyW2Ba2Iotg4gE3"
    },
    {
      "name": "Pink Floyd",
      "uri": "spotify:artist:0k17h0D3J5VfsdmQ1iZtE9"
    },
    {
      "name": "Pinky Pinky",
      "uri": "spotify:artist:0Ayls0R348nD7BVvbN6Ap4"
    },
    {
      "name": "Public Service Broadcasting",
      "uri": "spotify:artist:6VsiDFMZJlJ053P1uO4A6h"
    },
    {
      "name": "Queen",
      "uri": "spotify:artist:1dfeR4HaWDbWqFHLkxsg1d"
    },
    {
      "name": "Quiet Riot",
      "uri": "spotify:artist:1dLWg6m8RRhizsdqJbhyj3"
    },
    {
      "name": "R.E.M.",
      "uri": "spotify:artist:4KWTAlx2RvbpseOGMEmROg"
    },
    {
      "name": "REO Speedwagon",
      "uri": "spotify:artist:55vs7NT1KxcFjbMC4y202E"
    },
    {
      "name": "Rammstein",
      "uri": "spotify:artist:6wWVKhxIU2cEi0K81v7HvP"
    },
    {
      "name": "Red Hot Chili Peppers",
      "uri": "spotify:artist:0L8ExT028jH3ddEcZwqJJ5"
    },
    {
      "name": "Reel Big Fish",
      "uri": "spotify:artist:3bXhZFreBJF4QDUUiMmtZW"
    },
    {
      "name": "Rodríguez",
      "uri": "spotify:artist:5PrHzxc3kFm4hIrGNmelpX"
    },
    {
      "name": "Roxette",
      "uri": "spotify:artist:2SHhfs4BiDxGQ3oxqf0UHY"
    },
    {
      "name": "SIAMES",
      "uri": "spotify:artist:68NOjWuVYBRXzYwhel3jAl"
    },
    {
      "name": "Scott Hamilton",
      "uri": "spotify:artist:7sBx432MZn1MzHeYHAA5qr"
    },
    {
      "name": "Sebastian Glints",
      "uri": "spotify:artist:5So6NL6Jt3lb4GNjs72omu"
    },
    {
      "name": "Shakira",
      "uri": "spotify:artist:0EmeFodog0BfCgMzAIvKQp"
    },
    {
      "name": "Silent Poets",
      "uri": "spotify:artist:0v8kJy6pfyJsO20V77miAI"
    },
    {
      "name": "Ska-P",
      "uri": "spotify:artist:2fiiGUBgPsIKDCE0bTthnl"
    },
    {
      "name": "Snarky Puppy",
      "uri": "spotify:artist:7ENzCHnmJUr20nUjoZ0zZ1"
    },
    {
      "name": "Soda Stereo",
      "uri": "spotify:artist:7An4yvF7hDYDolN4m5zKBp"
    },
    {
      "name": "Sofiane Pamart",
      "uri": "spotify:artist:4RB2EEsmLhQTOSVQQpDzNg"
    },
    {
      "name": "Sophia Momveka",
      "uri": "spotify:artist:5orAnUCW29UWXxa35o3Y6Q"
    },
    {
      "name": "Spring Offensive",
      "uri": "spotify:artist:4b9eDvIVIn3bGUkzegA20l"
    },
    {
      "name": "Starcrawler",
      "uri": "spotify:artist:0ZhtrY2Lt1s9klwm03lu8i"
    },
    {
      "name": "Steve Winwood",
      "uri": "spotify:artist:5gxynDEKwNDgxGJmJjZyte"
    },
    {
      "name": "Stevie Ray Vaughan",
      "uri": "spotify:artist:5fsDcuclIe8ZiBD5P787K1"
    },
    {
      "name": "Sting",
      "uri": "spotify:artist:0Ty63ceoRnnJKVEYP0VQpk"
    },
    {
      "name": "Stratovarius",
      "uri": "spotify:artist:1O8CSXsPwEqxcoBE360PPO"
    },
    {
      "name": "System Of A Down",
      "uri": "spotify:artist:5eAWCfyUhZtHHtBdNk56l1"
    },
    {
      "name": "TWRP",
      "uri": "spotify:artist:6N3egqZ7OtcYYXyU6PBdNr"
    },
    {
      "name": "Tayla Thomas",
      "uri": "spotify:artist:0nJGT5YCIk92nY2vFygIfB"
    },
    {
      "name": "The Cat Empire",
      "uri": "spotify:artist:023YMawCG3OvACmRjWxLWC"
    },
    {
      "name": "The Dueling Fiddlers",
      "uri": "spotify:artist:2KNT7YVHSwVsPhmUlU63y9"
    },
    {
      "name": "The Dø",
      "uri": "spotify:artist:2mcNCn1qbZUQ3J9KHapUxj"
    },
    {
      "name": "The Lovin' Spoonful",
      "uri": "spotify:artist:7CCn4PFRRRZF127jtCBAUe"
    },
    {
      "name": "The Magic Numbers",
      "uri": "spotify:artist:0P2q6xyNc2hVFkG3ThjYcJ"
    },
    {
      "name": "The Mamas & The Papas",
      "uri": "spotify:artist:1bs7HoMkSyQwcobCpE9KpN"
    },
    {
      "name": "The Offspring",
      "uri": "spotify:artist:5LfGQac0EIXyAN8aUwmNAQ"
    },
    {
      "name": "The Police",
      "uri": "spotify:artist:5NGO30tJxFlKixkPSgXcFE"
    },
    {
      "name": "The Rolling Stones",
      "uri": "spotify:artist:22bE4uQ6baNwSHPVcDxLCe"
    },
    {
      "name": "The Strokes",
      "uri": "spotify:artist:0epOFNiUfyON9EYx7Tpr6V"
    },
    {
      "name": "To Kill A King",
      "uri": "spotify:artist:7yHBGaYHPXkJSVUtHiM816"
    },
    {
      "name": "Todd Terje",
      "uri": "spotify:artist:49gaZqfow2v8EEQmjGyEIw"
    },
    {
      "name": "Tom Misch",
      "uri": "spotify:artist:1uiEZYehlNivdK3iQyAbye"
    },
    {
      "name": "Tribalistas",
      "uri": "spotify:artist:4laQz4PaKeh2Hu6QL6evVD"
    },
    {
      "name": "Twisted Sister",
      "uri": "spotify:artist:7b85ve82Sh36a3UAx74wut"
    },
    {
      "name": "Two Steps from Hell",
      "uri": "spotify:artist:2qvP9yerCZCS0U1gZU8wYp"
    },
    {
      "name": "Vance Joy",
      "uri": "spotify:artist:10exVja0key0uqUkk6LJRT"
    },
    {
      "name": "Vedette",
      "uri": "spotify:artist:7HAUKY1FfuYYQYRAP0T8VC"
    },
    {
      "name": "Visions of Atlantis",
      "uri": "spotify:artist:5kanN1nKzrkW1m2gZmo82x"
    },
    {
      "name": "Vulfpeck",
      "uri": "spotify:artist:7pXu47GoqSYRajmBCjxdD6"
    },
    {
      "name": "WagakkiBand",
      "uri": "spotify:artist:3PzqP5IkpLhlSdZLh7jwPn"
    },
    {
      "name": "Walk off the Earth",
      "uri": "spotify:artist:6jEiUoyyJNPHzSR0Nib6HX"
    },
    {
      "name": "Xandria",
      "uri": "spotify:artist:1jzIEzXVJ4p1kFDmio6LEL"
    },
    {
      "name": "Yngwie Malmsteen",
      "uri": "spotify:artist:5DpSoH5zCXNRqYai7pmcGG"
    },
    {
      "name": "Zaz",
      "uri": "spotify:artist:1mbgj8ERPs8lWi7t5cYrdy"
    },
    {
      "name": "Zucchero",
      "uri": "spotify:artist:2KftmGt9sk1yLjsAoloC3M"
    }
  ],
  "bannedArtists": [
  ],
  "other": [
  ]
}